Country,Rescue_Score,Transparency
Angola,6672.641509433963,191
Ethiopia,5714.528301886792,166
Botswana,5705.66037735849,104
Algeria,5408.490566037736,209
Rwanda,4465.408805031447,345
Kenya,4275.943396226415,307
Egypt,3662.893081761007,328
Senegal,3288.679245283019,128
Tanzania,2962.2641509433965,236
Ghana,2616.509433962264,271
